{
    "niter": 16082,
    "logz": -39.70127732542821,
    "logzerr": 0.4923446886983838,
    "logz_bs": -39.71267658927014,
    "logz_single": -39.70127732542821,
    "logzerr_tail": 0.009926114870388858,
    "logzerr_bs": 0.49224461879546055,
    "ess": 2981.5918527162944,
    "H": 31.050787224000793,
    "Herr": 0.24750887955547304,
    "posterior": {
        "mean": [
            15.063364356288512,
            162.9041815093628,
            0.3865783042087992,
            0.7587630338403659,
            -0.0011099089973201695,
            0.2133878439168763,
            0.5911768155850359,
            0.028745356603510866,
            16.36927583481093,
            16.2687696853332,
            16.405154424002596,
            16.294363003788003
        ],
        "stdev": [
            0.060036614858259764,
            46.9172016424776,
            0.672145931191265,
            0.534077354648867,
            0.08411949945493856,
            0.40614706568056724,
            0.43465188284507206,
            0.09603987287735563,
            0.15439321001447204,
            0.14929450334725008,
            0.14609811794707667,
            0.16427441259947878
        ],
        "median": [
            15.065287336176532,
            197.1390587304139,
            -0.0554109400546583,
            1.0706532241054942,
            0.0012982200163662583,
            -0.007010558472986261,
            0.8039925067041471,
            0.027594063130484514,
            16.367617891648454,
            16.268323986436855,
            16.40492226906342,
            16.303029138810317
        ],
        "errlo": [
            15.002063132545729,
            100.06045930316355,
            -0.1610068597441856,
            0.04417590323866527,
            -0.08592017528533624,
            -0.12174800410115338,
            0.018063062762475823,
            -0.06683899812924388,
            16.21758773266612,
            16.118596565000125,
            16.260187369479787,
            16.143750174494066
        ],
        "errup": [
            15.1226316469564,
            199.0496258889813,
            1.3130922863370529,
            1.2306490970981905,
            0.08362059612166917,
            0.7545998550248837,
            0.9921037580340268,
            0.12601374319502948,
            16.52469871708399,
            16.423211691684415,
            16.5544695426707,
            16.454416838725287
        ],
        "information_gain_bits": [
            3.7336892188784145,
            3.0426909114816714,
            3.2359410175204055,
            3.257043625650916,
            3.8598154151471746,
            3.297706576238633,
            3.2957612456368226,
            3.797543628424477
        ]
    },
    "maximum_likelihood": {
        "logl": -4.434531942294123,
        "point": [
            15.05846111167359,
            198.83937536542987,
            -0.10671899864605017,
            1.205007669694595,
            0.01446097161796267,
            -0.06472924138574854,
            0.8348094327591866,
            0.030999857977597856,
            16.38501253516545,
            16.230163663599328,
            16.438606332229654,
            16.28225635163249
        ],
        "point_untransformed": [
            0.505846111167359,
            0.9922625024361991,
            0.4946640500676975,
            0.5602503834847298,
            0.5007230485808981,
            0.49676353793071254,
            0.5417404716379594,
            0.5015499928988799
        ]
    },
    "ncall": 583161,
    "paramnames": [
        "m0",
        "p",
        "a1",
        "a2",
        "a3",
        "b1",
        "b2",
        "b3",
        "m_100",
        "m_200",
        "m_300",
        "m_400"
    ],
    "logzerr_single": 0.278616166185672,
    "insertion_order_MWW_test": {
        "independent_iterations": Infinity,
        "converged": true
    }
}