{
    "niter": 7318,
    "logz": -177.89629023816784,
    "logzerr": 0.39777640062876735,
    "logz_bs": -177.9024628189762,
    "logz_single": -177.89629023816784,
    "logzerr_tail": 0.009942933310867375,
    "logzerr_bs": 0.3976521130012429,
    "ess": 2206.645041099061,
    "H": 10.566267278633632,
    "Herr": 0.12483655618368042,
    "posterior": {
        "mean": [
            11.633059293828824,
            -0.017325050094315873,
            2.967933524702876,
            1.4878373742262907,
            14.719992207981157,
            15.492903628602967,
            15.55963869050018,
            14.918694656214846
        ],
        "stdev": [
            1.5516791734383197,
            1.4851191310499208,
            0.6610530658577733,
            1.4614821553077195,
            0.09198180936546822,
            0.0794884372819863,
            0.0658876097919099,
            0.17315316122677019
        ],
        "median": [
            11.17938716500699,
            0.32392084517004527,
            2.9712276064169174,
            1.8226058218249168,
            14.719353861700228,
            15.489875647744134,
            15.558678841095873,
            14.913296017922061
        ],
        "errlo": [
            10.302922029964604,
            -1.289478303801788,
            2.291296309479973,
            0.22757149787572928,
            14.628638023843617,
            15.415323745539002,
            15.493695759830025,
            14.745002456904949
        ],
        "errup": [
            12.93185550333751,
            1.2680797282085514,
            3.598013632246367,
            2.7402385515456213,
            14.8118385693886,
            15.570662475550469,
            15.623552614916191,
            15.094106754496961
        ],
        "information_gain_bits": [
            -3.467062772491621,
            -0.5132434782423746,
            1.8811654324006368,
            -0.40072282648983903
        ]
    },
    "maximum_likelihood": {
        "logl": -165.05773548681026,
        "point": [
            10.051738234681382,
            1.3959355700411518,
            2.830092101931786,
            2.9155674410489567,
            14.727740728920502,
            15.496889102282658,
            15.575458911754655,
            14.87276264111412
        ],
        "point_untransformed": [
            0.005173823468138302,
            0.5697967785020576,
            0.6415046050965894,
            0.6457783720524478
        ]
    },
    "ncall": 173824,
    "paramnames": [
        "m0",
        "c1",
        "c2",
        "c3",
        "m_100",
        "m_200",
        "m_300",
        "m_400"
    ],
    "logzerr_single": 0.16252897648291542,
    "insertion_order_MWW_test": {
        "independent_iterations": Infinity,
        "converged": true
    }
}