{
    "niter": 9773,
    "logz": -148.2191580210553,
    "logzerr": 0.3223422330081391,
    "logz_bs": -148.23930559599552,
    "logz_single": -148.2191580210553,
    "logzerr_tail": 0.009936151771739787,
    "logzerr_bs": 0.32218905640732487,
    "ess": 2555.866993508978,
    "H": 15.980496577960679,
    "Herr": 0.1568675597790791,
    "posterior": {
        "mean": [
            12.801122052615872,
            -4.719721272906313,
            8.201467382442349,
            -7.046341252184129,
            9.487008544646141,
            -5.072244406630538,
            15.093691212398516,
            15.15818532511651,
            15.995353386713505,
            12.618947390781617
        ],
        "stdev": [
            1.9499237245858063,
            1.693202461579696,
            0.7978024093129602,
            1.502849939984132,
            0.4615224416325645,
            1.6718325029901373,
            0.11488009735184981,
            0.088354601792143,
            0.07778415894651067,
            0.2274256258218131
        ],
        "median": [
            12.476042504764235,
            -4.520014692094321,
            8.244763001149032,
            -6.842414338256972,
            9.623361108542131,
            -4.828933179033078,
            15.093974670716253,
            15.159903848971311,
            15.996390481087989,
            12.607514036103026
        ],
        "errlo": [
            10.703864247817164,
            -6.724673494366122,
            7.434718994657101,
            -8.846783060081066,
            9.050302698529475,
            -7.018898702681872,
            14.976228893371104,
            15.068145911648857,
            15.916817551984451,
            12.404516001124641
        ],
        "errup": [
            15.083554690443515,
            -2.97208551593339,
            8.984775156824305,
            -5.499326377198594,
            9.895341556227471,
            -3.2994107718680334,
            15.209779275728089,
            15.244227587738047,
            16.072646427574906,
            12.838863810665435
        ],
        "information_gain_bits": [
            -3.8046849549569495,
            -0.09055901034482472,
            1.7117792118611743,
            0.7557558081591262,
            2.7806381370781312,
            0.08632710997896798
        ]
    },
    "maximum_likelihood": {
        "logl": -128.93971196778634,
        "point": [
            10.016891653524079,
            -2.886143330635221,
            8.866793899327114,
            -5.492124989686698,
            9.97647667029776,
            -3.0241577140154074,
            15.118582879578991,
            15.153915727684165,
            15.995909664743317,
            12.398027614408676
        ],
        "point_untransformed": [
            0.001689165352407894,
            0.35569283346823893,
            0.9433396949663557,
            0.2253937505156651,
            0.998823833514888,
            0.3487921142992296
        ]
    },
    "ncall": 290059,
    "paramnames": [
        "m0",
        "c1",
        "c2",
        "c3",
        "c4",
        "c5",
        "m_100",
        "m_200",
        "m_300",
        "m_400"
    ],
    "logzerr_single": 0.1998780664427733,
    "insertion_order_MWW_test": {
        "independent_iterations": Infinity,
        "converged": true
    }
}