{
    "niter": 400,
    "logz": -1e+99,
    "logzerr": 0.0,
    "logz_bs": -9.999999999999996e+98,
    "logz_single": -1e+99,
    "logzerr_tail": 0.0,
    "logzerr_bs": 0.0,
    "ess": 400.0,
    "H": NaN,
    "Herr": NaN,
    "posterior": {
        "mean": [
            202.76247819500236,
            1.5896854074388305,
            1213.301901275261,
            1216.5176845234932,
            191.73817848822597,
            201.920617442661,
            2.126165182980462,
            1214.9287223686522
        ],
        "stdev": [
            56.83076980739219,
            0.8467626876578316,
            2.3522379470423855,
            2.4704557588492633,
            115.09757157021662,
            117.29375180355527,
            1.1768320736658073,
            2.254780580314518
        ],
        "median": [
            203.02117227845818,
            1.7053962794305617,
            1212.7707919339323,
            1216.8082413395987,
            183.61959252089102,
            200.94307444496803,
            1.9512119404879682,
            1214.8430410599376
        ],
        "errlo": [
            134.40680581763147,
            0.5573981831254757,
            1210.725046327229,
            1213.6740245614685,
            55.60244276991883,
            61.10986095714307,
            0.9917143681701911,
            1212.5158442661639
        ],
        "errup": [
            269.70690036570437,
            2.507567229441938,
            1215.9063999819905,
            1219.244438115217,
            327.6348179347493,
            337.3093812247146,
            3.3094937284731456,
            1217.4638270211804
        ],
        "information_gain_bits": [
            -5.129167502256539,
            -5.1032884952391075,
            -5.100366065902808,
            -5.1111811844136685,
            -5.125386705407563,
            -5.110389320455346
        ]
    },
    "maximum_likelihood": {
        "logl": -1e+99,
        "point": [
            253.56473757609302,
            1.150161795648335,
            1212.794598043869,
            1219.1448916081833,
            387.87001287364234,
            293.15797971726283,
            2.6858150667993943,
            1215.5281703084152
        ],
        "point_untransformed": [
            0.7678236878804652,
            0.3621247571201155,
            0.27945980438690277,
            0.9144891608183356,
            0.9696750321841058,
            0.7328949492931571
        ]
    },
    "ncall": 400,
    "paramnames": [
        "C",
        "sigma",
        "mu1",
        "mu2",
        "a1",
        "a2",
        "W",
        "lam0"
    ],
    "logzerr_single": NaN,
    "insertion_order_MWW_test": {
        "independent_iterations": Infinity,
        "converged": true
    }
}