{
    "niter": 6847,
    "logz": -170.1811735746654,
    "logzerr": 0.16088938794524965,
    "logz_bs": -170.2080792837629,
    "logz_single": -170.1811735746654,
    "logzerr_tail": 0.009943997619302536,
    "logzerr_bs": 0.16058179244467397,
    "ess": 2234.2119719999982,
    "H": 9.523848601023786,
    "Herr": 0.08061898604053054,
    "posterior": {
        "mean": [
            394.9584517401649,
            1215.697803975406,
            0.7781486518227589,
            208.49972614554792,
            1.8892480756614995
        ],
        "stdev": [
            58.17284895551302,
            0.06369629752093237,
            0.10805184109358673,
            6.719302731441621,
            0.23196330091150744
        ],
        "median": [
            390.57036962610937,
            1215.6970477217835,
            0.7689150643237346,
            208.22970075269356,
            1.8725391221364818
        ],
        "errlo": [
            338.58428480290456,
            1215.6343022251906,
            0.6755317855164357,
            201.94474046297802,
            1.6656545654231631
        ],
        "errup": [
            453.0286553130733,
            1215.7619053278831,
            0.8846444092088847,
            215.291474404386,
            2.1185483972570873
        ],
        "information_gain_bits": [
            -1.1005045812646652,
            3.6974247785846432,
            0.38348270593207484,
            1.851438766594446
        ]
    },
    "maximum_likelihood": {
        "logl": -158.58317556158525,
        "point": [
            380.48962941364965,
            1215.7002073289334,
            0.7353928211044759,
            207.61366446606306,
            1.8326810539767975
        ],
        "point_untransformed": [
            0.4006994705909281,
            0.5700207328933488,
            0.33441727426551365,
            0.5380683223303153
        ]
    },
    "ncall": 197060,
    "paramnames": [
        "A",
        "lam0",
        "gamma",
        "C",
        "W"
    ],
    "logzerr_single": 0.15430366652338326,
    "insertion_order_MWW_test": {
        "independent_iterations": Infinity,
        "converged": true
    }
}