{
    "niter": 400,
    "logz": -1e+99,
    "logzerr": 0.0,
    "logz_bs": -9.999999999999996e+98,
    "logz_single": -1e+99,
    "logzerr_tail": 0.0,
    "logzerr_bs": 0.0,
    "ess": 400.0,
    "H": NaN,
    "Herr": NaN,
    "posterior": {
        "mean": [
            198.31493391830588,
            1.5121620421322515,
            1214.9514619084664,
            1215.0557591524828,
            195.6700472354189,
            203.5428821056161,
            2.1944810783707025,
            1214.9507036208759
        ],
        "stdev": [
            57.59322857789518,
            0.8507541245821768,
            2.808723214932865,
            2.824780526313217,
            112.29392639945311,
            116.7629293186793,
            1.141732452978145,
            2.2736265042632318
        ],
        "median": [
            198.49839833477665,
            1.447571930329819,
            1215.0015300871319,
            1215.1376987894373,
            190.66490362376504,
            207.575973934635,
            2.0355105967793055,
            1214.9978909939723
        ],
        "errlo": [
            130.19025964254178,
            0.47755202026773136,
            1211.8537415015899,
            1211.694032858417,
            64.97884743434324,
            56.7169761462591,
            1.0374082560469822,
            1212.4141744429555
        ],
        "errup": [
            264.7619330425094,
            2.593443731905819,
            1218.2180914697124,
            1218.2929249779024,
            324.6314633724286,
            342.7076364851935,
            3.3888745286208217,
            1217.359007105984
        ],
        "information_gain_bits": [
            -5.121548101589697,
            -5.1142876854717105,
            -5.108738870880032,
            -5.1436140741713,
            -5.113306337142941,
            -5.136744620071905
        ]
    },
    "maximum_likelihood": {
        "logl": -1e+99,
        "point": [
            218.3740505601721,
            1.4887575401156796,
            1211.1296871654445,
            1215.8690153309283,
            332.3625097485902,
            246.50254550772524,
            2.650795979519606,
            1213.1478716217007
        ],
        "point_untransformed": [
            0.5918702528008605,
            0.47888191038471706,
            0.1129687165444383,
            0.5869015330928287,
            0.8309062743714755,
            0.6162563637693131
        ]
    },
    "ncall": 400,
    "paramnames": [
        "C",
        "sigma",
        "mu1",
        "mu2",
        "a1",
        "a2",
        "W",
        "lam0"
    ],
    "logzerr_single": NaN,
    "insertion_order_MWW_test": {
        "independent_iterations": Infinity,
        "converged": true
    }
}