{
    "niter": 400,
    "logz": -1e+99,
    "logzerr": 0.0,
    "logz_bs": -9.999999999999996e+98,
    "logz_single": -1e+99,
    "logzerr_tail": 0.0,
    "logzerr_bs": 0.0,
    "ess": 400.0,
    "H": NaN,
    "Herr": NaN,
    "posterior": {
        "mean": [
            195.24876975434745,
            1.4839644301409067,
            1212.7311015777764,
            1215.0677928356877,
            1217.5231921026054,
            204.4711365424664,
            197.1606571543383,
            193.22054715968142,
            3.3854732823516787,
            1215.0579642875275
        ],
        "stdev": [
            58.01490895762927,
            0.8020555773932863,
            2.1087429785450635,
            2.1910992774155837,
            2.0027015929041125,
            117.61612594159527,
            115.56208143247194,
            115.16891310449847,
            1.6901164432723546,
            1.9066958602229556
        ],
        "median": [
            199.01269315465282,
            1.496074429131797,
            1212.3513272173327,
            1215.0066715580401,
            1217.957313524039,
            197.34704868734102,
            193.26534549345138,
            192.167941244929,
            3.0379576936101387,
            1214.940219652533
        ],
        "errlo": [
            126.86493607511348,
            0.5371116510872377,
            1210.5812557401719,
            1212.7360648876495,
            1215.3726069464956,
            66.61876514209645,
            63.23279025999028,
            60.679353690250416,
            1.76470685834514,
            1213.0999980829736
        ],
        "errup": [
            262.4833409265251,
            2.367883429231055,
            1215.1377391075516,
            1217.3523721273662,
            1219.5129300713443,
            345.14910483782955,
            335.50382454366775,
            325.8026441059113,
            4.993724959255362,
            1217.2343874825308
        ],
        "information_gain_bits": [
            -5.1239356373029645,
            -5.118182698673106,
            -5.148369755157359,
            -5.1219320368827095,
            -5.042368313648603,
            -5.1191546632403755,
            -5.130980958846906,
            -5.093644551329894
        ]
    },
    "maximum_likelihood": {
        "logl": -1e+99,
        "point": [
            253.56473757609302,
            1.150161795648335,
            1212.794598043869,
            1219.1448916081833,
            1219.6967503218411,
            293.15797971726283,
            58.7685756622784,
            23.48784765888432,
            1.4805465721579931,
            1214.2205273761026
        ],
        "point_untransformed": [
            0.7678236878804652,
            0.3621247571201155,
            0.27945980438690277,
            0.9144891608183356,
            0.9696750321841058,
            0.7328949492931571,
            0.146921439155696,
            0.0587196191472108
        ]
    },
    "ncall": 400,
    "paramnames": [
        "C",
        "sigma",
        "mu1",
        "mu2",
        "mu3",
        "a1",
        "a2",
        "a3",
        "W",
        "lam0"
    ],
    "logzerr_single": NaN,
    "insertion_order_MWW_test": {
        "independent_iterations": Infinity,
        "converged": true
    }
}