{
    "niter": 400,
    "logz": -1e+99,
    "logzerr": 0.0,
    "logz_bs": -9.999999999999996e+98,
    "logz_single": -1e+99,
    "logzerr_tail": 0.0,
    "logzerr_bs": 0.0,
    "ess": 400.0,
    "H": NaN,
    "Herr": NaN,
    "posterior": {
        "mean": [
            200.38421079622856,
            1.5370695827119667,
            1214.9597740610234,
            190.73598926510368,
            1.0473859607260971,
            1214.9597740610234
        ],
        "stdev": [
            59.47377715081034,
            0.8423778329667856,
            2.917607085828697,
            112.6705824776596,
            0.745305481008713,
            2.9176070858286947
        ],
        "median": [
            200.75948945010268,
            1.5394230434862703,
            1215.0464527291654,
            183.70412303075832,
            0.9362798861239965,
            1215.0464527291654
        ],
        "errlo": [
            128.60043152069304,
            0.5917940010155021,
            1211.4209686527593,
            57.044472890801714,
            0.288647065278447,
            1211.4209686527593
        ],
        "errup": [
            268.510664298199,
            2.526722556819698,
            1218.300420059891,
            325.7214265163326,
            1.7208632635155885,
            1218.300420059891
        ],
        "information_gain_bits": [
            -5.107113264024652,
            -5.141146505849124,
            -5.047147292671768,
            -5.12293741276299
        ]
    },
    "maximum_likelihood": {
        "logl": -1e+99,
        "point": [
            199.4547181542235,
            0.3708965894347024,
            1219.2505528258189,
            378.9884920554265,
            1.9001229730869682,
            1219.2505528258189
        ],
        "point_untransformed": [
            0.49727359077111755,
            0.0934126170464491,
            0.9250552825818787,
            0.9474712301385662
        ]
    },
    "ncall": 400,
    "paramnames": [
        "C",
        "sigma",
        "mu1",
        "a1",
        "W",
        "lam0"
    ],
    "logzerr_single": NaN,
    "insertion_order_MWW_test": {
        "independent_iterations": Infinity,
        "converged": true
    }
}