{
    "niter": 7045,
    "logz": -169.83579880170953,
    "logzerr": 0.2693118308998653,
    "logz_bs": -169.82097506379301,
    "logz_single": -169.83579880170953,
    "logzerr_tail": 0.009932726848319362,
    "logzerr_bs": 0.26912859974368075,
    "ess": 2202.738964789636,
    "H": 9.998562413055794,
    "Herr": 0.10950722735944936,
    "posterior": {
        "mean": [
            198.32167329028118,
            0.670326528699084,
            1215.6993138907371,
            1214.7403256226564,
            200.19314663357088,
            247.1874865502651,
            2.254697785869491,
            1215.129296992068
        ],
        "stdev": [
            5.457058012628476,
            0.0767572950571505,
            0.06285040594366585,
            2.8734432750724697,
            115.31888846960697,
            28.937931335862874,
            0.5923514975004752,
            1.782738813124704
        ],
        "median": [
            198.29387604337302,
            0.6646941366755348,
            1215.7007604448606,
            1214.7154808598234,
            196.87007491048612,
            245.94035896957527,
            2.236354274684771,
            1215.1217687332014
        ],
        "errlo": [
            192.91098732679285,
            0.5927386319336666,
            1215.6366632607392,
            1211.319041297855,
            65.52247454101122,
            218.41243852641097,
            1.573920752935419,
            1213.2967060445797
        ],
        "errup": [
            203.98922492642035,
            0.7502050403014118,
            1215.7604801811203,
            1218.1600941941565,
            337.3314649284803,
            276.4362023449781,
            2.952218131168871,
            1217.0515902246548
        ],
        "information_gain_bits": [
            2.292028659398867,
            2.3326621792709603,
            3.713171181841506,
            -5.171275391539072,
            -5.174435669431052,
            -0.3602721811105896
        ]
    },
    "maximum_likelihood": {
        "logl": -157.6581714839303,
        "point": [
            197.71162928692712,
            0.6424873014675514,
            1215.6937168027034,
            1210.6630912587557,
            376.6516040371965,
            244.48038973065565,
            3.1416057619273383,
            1213.713639611521
        ],
        "point_untransformed": [
            0.4885581464346356,
            0.18706458671294876,
            0.5693716802703513,
            0.0663091258755707,
            0.9416290100929912,
            0.6112009743266391
        ]
    },
    "ncall": 192956,
    "paramnames": [
        "C",
        "sigma",
        "mu1",
        "mu2",
        "a1",
        "a2",
        "W",
        "lam0"
    ],
    "logzerr_single": 0.15810251747723528,
    "insertion_order_MWW_test": {
        "independent_iterations": Infinity,
        "converged": true
    }
}