{
    "niter": 6911,
    "logz": -215.06159180505333,
    "logzerr": 0.2839197843483702,
    "logz_bs": -215.09673785667778,
    "logz_single": -215.06159180505333,
    "logzerr_tail": 0.00994482622814985,
    "logzerr_bs": 0.283745562741899,
    "ess": 2207.438980263563,
    "H": 9.674381398359685,
    "Herr": 0.12660915402668765,
    "posterior": {
        "mean": [
            53.949639457671424,
            4.97531611600963,
            59.29806378567294,
            0.4404749229153213,
            26.761429035048856,
            49.75316116009619
        ],
        "stdev": [
            4.3816199999076835,
            0.47073035263123986,
            1.6026106811561096,
            0.4264619043861083,
            2.5982831913058027,
            4.707303526312392
        ],
        "median": [
            53.765030327110075,
            4.942920816556933,
            59.304163059171124,
            0.42975290128926424,
            26.6780650796896,
            49.429208165569335
        ],
        "errlo": [
            49.588530101566874,
            4.519488623780868,
            57.70805346671754,
            0.0183308855821647,
            24.23681240224937,
            45.194886237808674
        ],
        "errup": [
            58.347121434288006,
            5.443892077970533,
            60.90815635224103,
            0.8745196108968862,
            29.351253740230835,
            54.43892077970533
        ],
        "information_gain_bits": [
            1.2411900940834122,
            2.3483857023015258,
            3.0119548698201126,
            2.6259443881829685,
            -5.180492831426053,
            -5.179917336582212
        ]
    },
    "maximum_likelihood": {
        "logl": -203.29279122049047,
        "point": [
            54.38376093258245,
            4.897237125990315,
            59.31879067893971,
            0.38942210813049627,
            26.63301730900244,
            48.97237125990315
        ],
        "point_untransformed": [
            0.5438376093258245,
            0.20511774347317446,
            0.5931879067893971,
            0.5194711054065249,
            0.6893639548820459,
            0.9710301963462102
        ]
    },
    "ncall": 37755,
    "paramnames": [
        "A",
        "w",
        "B",
        "x0",
        "f",
        "sigma_v"
    ],
    "logzerr_single": 0.15551833813380084,
    "insertion_order_MWW_test": {
        "independent_iterations": Infinity,
        "converged": true
    }
}