{
    "niter": 6899,
    "logz": -170.3383294195954,
    "logzerr": 0.25153547918016966,
    "logz_bs": -170.3473341563034,
    "logz_single": -170.3383294195954,
    "logzerr_tail": 0.00993732492074173,
    "logzerr_bs": 0.251339107302897,
    "ess": 2222.478263518739,
    "H": 9.58308929662445,
    "Herr": 0.09544696390859665,
    "posterior": {
        "mean": [
            396.899980995299,
            1215.6949280254337,
            0.7820093411362014,
            208.57370412231688,
            1.897504533649073
        ],
        "stdev": [
            60.15293250871019,
            0.06421575775819292,
            0.11184335508196595,
            6.909342832028425,
            0.24049896253950345
        ],
        "median": [
            394.2965785224667,
            1215.696743220212,
            0.7756551303343285,
            208.4426937688928,
            1.8890976829931805
        ],
        "errlo": [
            338.24144953059516,
            1215.6285496833991,
            0.6699820357018864,
            201.61294951755815,
            1.6615941320784573
        ],
        "errup": [
            456.33769066810595,
            1215.756881918508,
            0.8890733316454797,
            215.3947818422934,
            2.132234882822511
        ],
        "information_gain_bits": [
            -1.243478244052987,
            3.7000503700686624,
            0.2729590190471547,
            1.8239900729348437
        ]
    },
    "maximum_likelihood": {
        "logl": -158.58994212973568,
        "point": [
            387.9018707464527,
            1215.6914771425775,
            0.7490319188631488,
            207.8777537662205,
            1.8660095355017519
        ],
        "point_untransformed": [
            0.4112883867806467,
            0.5691477142577516,
            0.3415957467700783,
            0.5393887688311025
        ]
    },
    "ncall": 196123,
    "paramnames": [
        "A",
        "lam0",
        "gamma",
        "C",
        "W"
    ],
    "logzerr_single": 0.15478282605496363,
    "insertion_order_MWW_test": {
        "independent_iterations": Infinity,
        "converged": true
    }
}