{
    "niter": 400,
    "logz": -1e+99,
    "logzerr": 0.0,
    "logz_bs": -9.999999999999996e+98,
    "logz_single": -1e+99,
    "logzerr_tail": 0.0,
    "logzerr_bs": 0.0,
    "ess": 400.0,
    "H": NaN,
    "Herr": NaN,
    "posterior": {
        "mean": [
            200.3597489156097,
            1.5153423962769952,
            1215.0289269742054,
            198.501186192947,
            1.0969051307166213,
            1215.0289269742054
        ],
        "stdev": [
            58.427201946057586,
            0.8292545130692818,
            2.870187046189967,
            116.4461456776585,
            0.7911024004578157,
            2.870187046189969
        ],
        "median": [
            200.76931443273548,
            1.530669318976969,
            1215.0915576309753,
            194.8145767175248,
            1.0026086770619456,
            1215.0915576309753
        ],
        "errlo": [
            132.45301099967452,
            0.5121671592844889,
            1211.4724281816018,
            62.84516220495821,
            0.2893122733576343,
            1211.4724281816018
        ],
        "errup": [
            268.96293336537735,
            2.4784348999381365,
            1218.4182803474075,
            336.0372042193273,
            1.7804150469630493,
            1218.4182803474075
        ],
        "information_gain_bits": [
            -5.1365507314811305,
            -5.145077019209697,
            -5.09785069686227,
            -5.0979265426718765
        ]
    },
    "maximum_likelihood": {
        "logl": -1e+99,
        "point": [
            253.56473757609302,
            1.150161795648335,
            1212.794598043869,
            365.79566432733424,
            1.442612517119268,
            1212.794598043869
        ],
        "point_untransformed": [
            0.7678236878804652,
            0.3621247571201155,
            0.27945980438690277,
            0.9144891608183356
        ]
    },
    "ncall": 400,
    "paramnames": [
        "C",
        "sigma",
        "mu1",
        "a1",
        "W",
        "lam0"
    ],
    "logzerr_single": NaN,
    "insertion_order_MWW_test": {
        "independent_iterations": Infinity,
        "converged": true
    }
}