{
    "niter": 7752,
    "logz": -171.2446400045225,
    "logzerr": 0.24795326009652097,
    "logz_bs": -171.24755231683716,
    "logz_single": -171.2446400045225,
    "logzerr_tail": 0.00994172932232118,
    "logzerr_bs": 0.24775387224133283,
    "ess": 2337.1195238829378,
    "H": 11.31335679877077,
    "Herr": 0.12839438848026502,
    "posterior": {
        "mean": [
            200.78725770018627,
            0.671929243085388,
            1215.0103474024763,
            1214.8316594100859,
            1214.7942649146366,
            206.92458697631557,
            133.61649828494373,
            141.01493478640867,
            2.3958137759563933,
            1214.6624438789645
        ],
        "stdev": [
            6.186340522406944,
            0.0921879640812394,
            1.9842447720092649,
            1.8992534601540838,
            2.8498855071835267,
            116.96405362484425,
            103.81361685036515,
            103.5472026743148,
            0.6010878029924869,
            1.6408471215049485
        ],
        "median": [
            200.46648436267978,
            0.6677151447646761,
            1215.673138905838,
            1215.653457553709,
            1214.655334953328,
            211.71066592248383,
            113.8612645879389,
            138.36947062799885,
            2.4179133248581377,
            1214.725551544739
        ],
        "errlo": [
            194.795889759631,
            0.5845382303231712,
            1212.5579636101234,
            1212.512188993504,
            1211.459732025934,
            63.92702123073364,
            19.102189945946318,
            23.70751799936092,
            1.6943422337918437,
            1212.9828763073237
        ],
        "errup": [
            206.72377716711785,
            0.7587467377469559,
            1215.9636132768385,
            1215.8301151855483,
            1218.2342938842783,
            343.51088826056275,
            256.4814773047229,
            257.8560431130166,
            3.0691774392281785,
            1216.218530488124
        ],
        "information_gain_bits": [
            2.0122717319629477,
            1.8605904841430387,
            -4.034145528604828,
            -3.8043943956784747,
            -5.166737956010175,
            -5.17979158324327,
            -4.378791939552397,
            -4.3397991395335955
        ]
    },
    "maximum_likelihood": {
        "logl": -157.03246383183347,
        "point": [
            202.00550664445512,
            0.654269323386315,
            1215.6822868257188,
            1210.4510124892265,
            1213.3787213979924,
            208.38760337242488,
            254.61241395724983,
            31.81121301471968,
            2.449493771549997,
            1212.8423622014866
        ],
        "point_untransformed": [
            0.5100275332222756,
            0.19112735289183277,
            0.5682286825718897,
            0.04510124892264737,
            0.3378721397992332,
            0.5209690084310622,
            0.6365310348931246,
            0.0795280325367992
        ]
    },
    "ncall": 392741,
    "paramnames": [
        "C",
        "sigma",
        "mu1",
        "mu2",
        "mu3",
        "a1",
        "a2",
        "a3",
        "W",
        "lam0"
    ],
    "logzerr_single": 0.1681766690029474,
    "insertion_order_MWW_test": {
        "independent_iterations": Infinity,
        "converged": true
    }
}