{
    "niter": 3827,
    "logz": -419.6026919305997,
    "logzerr": 0.13384814500157727,
    "logz_bs": -419.5918903560033,
    "logz_single": -419.6026919305997,
    "logzerr_tail": 0.009942419755816445,
    "logzerr_bs": 0.13347836607391628,
    "ess": 1622.8035787323865,
    "H": 2.9340287418837647,
    "Herr": 0.06543830088432795,
    "posterior": {
        "mean": [
            74.97472463332221,
            1023.0656303095336
        ],
        "stdev": [
            2.359778973979238,
            105.54556347626055
        ],
        "median": [
            74.96642575074446,
            1016.3394190151953
        ],
        "errlo": [
            72.65739221903634,
            919.2349979748819
        ],
        "errup": [
            77.24823933187048,
            1125.7336421944672
        ],
        "information_gain_bits": [
            0.9218735548525994,
            -0.5088680547996554
        ]
    },
    "maximum_likelihood": {
        "logl": -415.6361693677287,
        "point": [
            74.89016710554657,
            985.9693650410297
        ],
        "point_untransformed": [
            0.4978033421109313,
            0.6328352607435926
        ]
    },
    "ncall": 4828,
    "paramnames": [
        "H0",
        "sigma"
    ],
    "logzerr_single": 0.0856450340341424,
    "insertion_order_MWW_test": {
        "independent_iterations": Infinity,
        "converged": true
    }
}