{
    "niter": 7767,
    "logz": -185.89965940610807,
    "logzerr": 0.3734447208162774,
    "logz_bs": -185.8657703587186,
    "logz_single": -185.89965940610807,
    "logzerr_tail": 0.009951887332192655,
    "logzerr_bs": 0.3733120938893819,
    "ess": 2325.6499212800813,
    "H": 11.549410700842088,
    "Herr": 0.14313557174042912,
    "posterior": {
        "mean": [
            54.18763775932824,
            4.925921581380803,
            49.39886825570784,
            -0.4365437721205792,
            0.6046037112100373,
            9.965584018732399,
            26.624288305593545,
            49.259215813808204
        ],
        "stdev": [
            4.316804914440096,
            0.4082689887255492,
            5.930963533546052,
            0.41217769399507476,
            0.07499862217905534,
            5.774644400389617,
            2.3906154053784947,
            4.082689887255479
        ],
        "median": [
            54.14043153673928,
            4.8986133067989375,
            49.41286888083092,
            -0.4282289585678214,
            0.6057030622260806,
            10.103304896436956,
            26.5564498338865,
            48.98613306798937
        ],
        "errlo": [
            49.85598663468188,
            4.524736282305178,
            42.74894124764343,
            -0.8507652128966793,
            0.528493293732037,
            3.0193984462059156,
            24.26191224918758,
            45.24736282305178
        ],
        "errup": [
            58.41765823907812,
            5.33417964540757,
            56.20343993203103,
            -0.03461489152228712,
            0.6800857433983944,
            16.69691175677546,
            29.064473034367445,
            53.3417964540757
        ],
        "information_gain_bits": [
            1.242646141016196,
            2.6116331968322344,
            1.3532743750741965,
            2.6642961372792464,
            1.642874212480339,
            -5.178181247460361,
            -5.180518540662496,
            -5.1804040540746055
        ]
    },
    "maximum_likelihood": {
        "logl": -171.90769389593333,
        "point": [
            54.49671583403551,
            4.870457913704458,
            44.67766908013989,
            -0.3931007332570573,
            0.6025078283711836,
            14.690095660823047,
            26.54239609047813,
            48.704579137044576
        ],
        "point_untransformed": [
            0.5449671583403551,
            0.20370831124760305,
            0.4467766908013989,
            0.4803449633371471,
            0.8012539141855918,
            0.7345047830411524,
            0.2957003703830139,
            0.7205542566191434
        ]
    },
    "ncall": 55475,
    "paramnames": [
        "A",
        "w",
        "B",
        "x0",
        "k",
        "b",
        "f",
        "sigma_v"
    ],
    "logzerr_single": 0.16992211966693807,
    "insertion_order_MWW_test": {
        "independent_iterations": Infinity,
        "converged": true
    }
}