{
    "niter": 400,
    "logz": -1e+99,
    "logzerr": 0.0,
    "logz_bs": -9.999999999999996e+98,
    "logz_single": -1e+99,
    "logzerr_tail": 0.0,
    "logzerr_bs": 0.0,
    "ess": 400.0,
    "H": NaN,
    "Herr": NaN,
    "posterior": {
        "mean": [
            200.51173671407244,
            1.5586312607840467,
            1215.2920628169556,
            196.8684389920666,
            1.06858224497083,
            1215.2920628169556
        ],
        "stdev": [
            57.138072172269474,
            0.8288239216039787,
            2.867994225157433,
            118.30142998910047,
            0.7551582823705748,
            2.867994225157434
        ],
        "median": [
            198.6354648438535,
            1.606882041102963,
            1215.515353216264,
            201.43058774522342,
            0.9428934139881582,
            1215.515353216264
        ],
        "errlo": [
            135.44109817304687,
            0.628459004386969,
            1211.749285647042,
            56.325745817850546,
            0.29206903777691046,
            1211.749285647042
        ],
        "errup": [
            266.5438703217925,
            2.5467642602336467,
            1218.6871415629198,
            338.06667947459545,
            1.8505144552626074,
            1218.6871415629198
        ],
        "information_gain_bits": [
            -5.112529673789882,
            -5.104486429387265,
            -5.13857490358544,
            -5.129551271447242
        ]
    },
    "maximum_likelihood": {
        "logl": -1e+99,
        "point": [
            146.48997508805886,
            2.774584460591549,
            1219.9216783520344,
            370.9232182094103,
            2.53207236868215,
            1219.9216783520344
        ],
        "point_untransformed": [
            0.23244987544029427,
            0.9222705036522582,
            0.9921678352034498,
            0.9273080455235257
        ]
    },
    "ncall": 400,
    "paramnames": [
        "C",
        "sigma",
        "mu1",
        "a1",
        "W",
        "lam0"
    ],
    "logzerr_single": NaN,
    "insertion_order_MWW_test": {
        "independent_iterations": Infinity,
        "converged": true
    }
}