{
    "niter": 400,
    "logz": -1e+99,
    "logzerr": 0.0,
    "logz_bs": -9.999999999999996e+98,
    "logz_single": -1e+99,
    "logzerr_tail": 0.0,
    "logzerr_bs": 0.0,
    "ess": 400.0,
    "H": NaN,
    "Herr": NaN,
    "posterior": {
        "mean": [
            200.62592257825443,
            1.60110506859976,
            1213.3191718146695,
            1216.6492174031637,
            196.8935287068377,
            205.82332070087486,
            2.215939232045374,
            1215.0840121189178
        ],
        "stdev": [
            58.07504710944573,
            0.8494027021482613,
            2.3143755528262018,
            2.3732377056028753,
            115.59610231043483,
            114.71906561058596,
            1.1576961976077262,
            2.3011731728706297
        ],
        "median": [
            200.11302902362814,
            1.6543903851192867,
            1212.884995628492,
            1217.0316438187238,
            196.6484543402152,
            210.85605201156807,
            2.0178272523896723,
            1215.1632702107133
        ],
        "errlo": [
            133.21118192726516,
            0.5727412597300339,
            1210.8924478063743,
            1213.9043226563956,
            62.9526234992989,
            69.4153427053039,
            1.109383100906089,
            1212.5095611257764
        ],
        "errup": [
            270.89035524994296,
            2.6193298176375777,
            1215.9372328214752,
            1219.2161330119366,
            334.82223164424494,
            332.5097623813939,
            3.332807584177273,
            1217.585870083789
        ],
        "information_gain_bits": [
            -5.121231347610023,
            -5.089532945704742,
            -5.1179560158705675,
            -5.119726412672336,
            -5.127314127293715,
            -5.093483712770864
        ]
    },
    "maximum_likelihood": {
        "logl": -1e+99,
        "point": [
            116.03201848030034,
            2.412310730005539,
            1213.8527139584646,
            1215.9185432849395,
            10.591621932234885,
            99.25579316335775,
            0.9466991657500321,
            1215.7193534980565
        ],
        "point_untransformed": [
            0.08016009240150168,
            0.7973485275881168,
            0.3852713958464623,
            0.5918543284939547,
            0.026479054830587212,
            0.24813948290839438
        ]
    },
    "ncall": 400,
    "paramnames": [
        "C",
        "sigma",
        "mu1",
        "mu2",
        "a1",
        "a2",
        "W",
        "lam0"
    ],
    "logzerr_single": NaN,
    "insertion_order_MWW_test": {
        "independent_iterations": Infinity,
        "converged": true
    }
}