{
    "niter": 400,
    "logz": -1e+99,
    "logzerr": 0.0,
    "logz_bs": -9.999999999999996e+98,
    "logz_single": -1e+99,
    "logzerr_tail": 0.0,
    "logzerr_bs": 0.0,
    "ess": 400.0,
    "H": NaN,
    "Herr": NaN,
    "posterior": {
        "mean": [
            198.02680386402423,
            1.5446321247084414,
            1212.5192401398087,
            1215.1571721141656,
            1217.650991701131,
            199.79623375890796,
            202.94452233072556,
            198.34862335542172,
            3.3778593440261777,
            1215.0972644407973
        ],
        "stdev": [
            59.39672439411049,
            0.8283648060781785,
            1.9319516810465138,
            2.2581167791529477,
            1.799660563880062,
            112.86394142632943,
            112.16156918797692,
            118.15435766219639,
            1.6978332166427177,
            1.782456956719197
        ],
        "median": [
            193.65577919412988,
            1.6204943679978414,
            1212.1513961276883,
            1215.2032377391647,
            1218.0096018549077,
            201.10644161590017,
            216.53475954616633,
            197.1235387682736,
            3.197182321789528,
            1215.013018051733
        ],
        "errlo": [
            127.9612380574982,
            0.508807283384615,
            1210.5963097463084,
            1212.6546900243372,
            1215.6672154233027,
            71.31536884600635,
            70.54962653383163,
            56.31052813151897,
            1.799688223349313,
            1213.2870371604665
        ],
        "errup": [
            271.1086171358374,
            2.4714594175366136,
            1214.4834654958906,
            1217.6094058336578,
            1219.4876519653722,
            330.32421701938455,
            324.9303940562158,
            331.4470208547601,
            4.897786190789056,
            1217.033309384237
        ],
        "information_gain_bits": [
            -5.119915325519786,
            -5.108287088426127,
            -5.117814733572384,
            -5.11520389017619,
            -5.141241594719641,
            -5.113272318163753,
            -5.067033221390709,
            -5.119210255853094
        ]
    },
    "maximum_likelihood": {
        "logl": -1e+99,
        "point": [
            268.7655669793029,
            0.7266248822605166,
            1212.3439389243492,
            1217.5780567180275,
            1219.72961807135,
            0.0784876814699409,
            110.20723006373485,
            66.91839651155358,
            0.6593259555097865,
            1218.3882423200525
        ],
        "point_untransformed": [
            0.8438278348965143,
            0.2160775456070747,
            0.23439389243491793,
            0.9729618071350039,
            0.7578056718027423,
            0.00019621920367485224,
            0.16729599127888395,
            0.27551807515933713
        ]
    },
    "ncall": 400,
    "paramnames": [
        "C",
        "sigma",
        "mu1",
        "mu2",
        "mu3",
        "a1",
        "a2",
        "a3",
        "W",
        "lam0"
    ],
    "logzerr_single": NaN,
    "insertion_order_MWW_test": {
        "independent_iterations": Infinity,
        "converged": true
    }
}