{
    "niter": 8559,
    "logz": -21.416975826042883,
    "logzerr": 0.2529246304552684,
    "logz_bs": -21.456177094723053,
    "logz_single": -21.416975826042883,
    "logzerr_tail": 0.009932873435598566,
    "logzerr_bs": 0.252729512950598,
    "ess": 2043.199229961638,
    "H": 13.97327857485027,
    "Herr": 0.1163223277772512,
    "posterior": {
        "mean": [
            1.5717537116199838,
            100.29769679014731,
            1.0276050830450099,
            15.048364474626561
        ],
        "stdev": [
            0.07425555019848541,
            0.8309302437696141,
            0.11025041488573442,
            0.05355971473213439
        ],
        "median": [
            1.5715243655641231,
            100.29384544070525,
            1.0266267009767747,
            15.047686389096661
        ],
        "errlo": [
            1.4976298186774124,
            99.47082246819487,
            0.9161903972107355,
            14.99583147092454
        ],
        "errup": [
            1.6466647786168962,
            101.15280508100167,
            1.138273862488323,
            15.102334641248666
        ],
        "information_gain_bits": [
            2.4531354846955997,
            3.8536552779713107,
            2.9276141687127057,
            3.751429821671995
        ]
    },
    "maximum_likelihood": {
        "logl": -5.55298347943414,
        "point": [
            1.5794571834515314,
            100.13676058478883,
            1.0153134038005702,
            15.053007295262582
        ],
        "point_untransformed": [
            0.5264857278171772,
            0.31081641580961666,
            0.1615921470023183,
            0.505300729526258
        ]
    },
    "ncall": 45290,
    "paramnames": [
        "A",
        "T",
        "phi",
        "m0"
    ],
    "logzerr_single": 0.1869042440318723,
    "insertion_order_MWW_test": {
        "independent_iterations": Infinity,
        "converged": true
    }
}