{
    "niter": 8552,
    "logz": -21.71859000622764,
    "logzerr": 0.27762065846905104,
    "logz_bs": -21.73777843981196,
    "logz_single": -21.71859000622764,
    "logzerr_tail": 0.009935536808839629,
    "logzerr_bs": 0.277442814138535,
    "ess": 2074.9702780518155,
    "H": 13.885766421094207,
    "Herr": 0.1444443717209956,
    "posterior": {
        "mean": [
            1.478183141308414,
            99.9724713202546,
            1.030950548825699,
            15.068109722042786,
            16.333078502820843,
            16.337777213685676,
            16.33850270488177,
            16.335260892587986
        ],
        "stdev": [
            0.07784695949444644,
            0.8916129373837293,
            0.13353010673108615,
            0.054902805934398315,
            0.09339477885814654,
            0.08818721783733992,
            0.10205208914373556,
            0.1289453556553513
        ],
        "median": [
            1.4760021929792055,
            99.97278888699952,
            1.0313275352372395,
            15.06817778491303,
            16.33474209572079,
            16.338639172930023,
            16.339568674990844,
            16.33953313879036
        ],
        "errlo": [
            1.3995537260063937,
            99.07755380788318,
            0.8923826649028075,
            15.01223697148977,
            16.241367320481654,
            16.2502051366476,
            16.235932942083547,
            16.206061353531275
        ],
        "errup": [
            1.560524504062875,
            100.84489141377789,
            1.160948367173385,
            15.122819030724504,
            16.426811015379613,
            16.42481917623824,
            16.438111258521754,
            16.463354746266127
        ],
        "information_gain_bits": [
            2.4206926228639243,
            3.830287592099261,
            2.6833920155244284,
            3.735104195956747
        ]
    },
    "maximum_likelihood": {
        "logl": -5.852039225404718,
        "point": [
            1.476070700925986,
            99.8712108489829,
            1.019589484020926,
            15.067870360806735,
            16.3315470267139,
            16.337686286807394,
            16.3437421833778,
            16.34971431885499
        ],
        "point_untransformed": [
            0.4920235669753286,
            0.3099007270654583,
            0.16227270630644544,
            0.5067870360806734
        ]
    },
    "ncall": 249936,
    "paramnames": [
        "A",
        "T",
        "phi",
        "m0",
        "m_100",
        "m_200",
        "m_300",
        "m_400"
    ],
    "logzerr_single": 0.18631805079684446,
    "insertion_order_MWW_test": {
        "independent_iterations": Infinity,
        "converged": true
    }
}