{
    "niter": 3807,
    "logz": -231.1982305898293,
    "logzerr": 0.13159620058808116,
    "logz_bs": -231.18774493343392,
    "logz_single": -231.1982305898293,
    "logzerr_tail": 0.009949070029222185,
    "logzerr_bs": 0.1312195717672182,
    "ess": 1318.8883131273014,
    "H": 2.43288003306634,
    "Herr": 0.05510461654092307,
    "posterior": {
        "mean": [
            173.28736992125968,
            1.5299670676755366,
            1215.1076077924656,
            200.85842297318328,
            1.160035751698718,
            1215.1076077924656
        ],
        "stdev": [
            4.066691651547768,
            0.8471488187420794,
            2.7564023465649026,
            116.97737713957584,
            0.6763423867260816,
            2.7564023465649026
        ],
        "median": [
            173.37897266905367,
            1.516411941319999,
            1215.3227801468295,
            205.1344228535968,
            1.1725052864937224,
            1215.3227801468295
        ],
        "errlo": [
            169.2245735649742,
            0.5338297777415093,
            1211.7119202486354,
            61.45728608171213,
            0.35395635984446266,
            1211.7119202486354
        ],
        "errup": [
            177.12513209863175,
            2.5282028495961497,
            1218.2112272030658,
            339.8469502899584,
            1.967472948016057,
            1218.2112272030658
        ],
        "information_gain_bits": [
            2.7345209302650284,
            -5.170934284947763,
            -5.160177695035993,
            -5.1780099909972686
        ]
    },
    "maximum_likelihood": {
        "logl": -226.82413443125745,
        "point": [
            172.6699665429344,
            0.10369478050097222,
            1215.4151476507516,
            356.305795155818,
            2.0635076399764203,
            1215.4151476507516
        ],
        "point_untransformed": [
            0.363349832714672,
            0.0012740622417145551,
            0.5415147650751486,
            0.8907644878895449
        ]
    },
    "ncall": 62213,
    "paramnames": [
        "C",
        "sigma",
        "mu1",
        "a1",
        "W",
        "lam0"
    ],
    "logzerr_single": 0.07798846121488645,
    "insertion_order_MWW_test": {
        "independent_iterations": Infinity,
        "converged": true
    }
}