{
    "niter": 9171,
    "logz": -23.25778333918157,
    "logzerr": 0.2760371654863844,
    "logz_bs": -23.252032111545784,
    "logz_single": -23.25778333918157,
    "logzerr_tail": 0.009930271386760836,
    "logzerr_bs": 0.2758584898819372,
    "ess": 2207.7957465609306,
    "H": 15.345933390779564,
    "Herr": 0.14717388001065826,
    "posterior": {
        "mean": [
            15.064868414788316,
            99.99557767828159,
            1.2611641855830702,
            0.7499792510626935,
            16.334405426446075,
            16.338436427383378,
            16.338107388876118,
            16.33344429864433
        ],
        "stdev": [
            0.055324891109303144,
            0.9344529237969225,
            0.11931138419446477,
            0.18503318199753951,
            0.09653649804603792,
            0.0923581552532135,
            0.10786237755634989,
            0.13686206317354235
        ],
        "median": [
            15.064578309591571,
            99.9545912313022,
            1.2681815909558996,
            0.7641349306624292,
            16.33617523271987,
            16.33850192363056,
            16.33917406457809,
            16.338034778146742
        ],
        "errlo": [
            15.009892781341158,
            99.07157960238897,
            1.1413212228245744,
            0.556575964596906,
            16.23958886158622,
            16.247520246145342,
            16.234251164223256,
            16.1973091090297
        ],
        "errup": [
            15.11856186691058,
            100.9482457478341,
            1.3826765060659536,
            0.9293471011959965,
            16.43167930625198,
            16.432650097964682,
            16.445286151220095,
            16.470079867098363
        ],
        "information_gain_bits": [
            3.7682887798624365,
            3.7643918543973105,
            3.734455417609887,
            3.4924675376992953
        ]
    },
    "maximum_likelihood": {
        "logl": -5.851749000280845,
        "point": [
            15.068545390987595,
            99.97445200612185,
            1.2696934641945123,
            0.7605948169260941,
            16.33945845792141,
            16.34067478415424,
            16.341887830744813,
            16.343097594565815
        ],
        "point_untransformed": [
            0.5068545390987595,
            0.3331630133741457,
            0.5634846732097256,
            0.5380297408463047
        ]
    },
    "ncall": 159867,
    "paramnames": [
        "m0",
        "p",
        "a1",
        "b1",
        "m_100",
        "m_200",
        "m_300",
        "m_400"
    ],
    "logzerr_single": 0.1958694296641232,
    "insertion_order_MWW_test": {
        "independent_iterations": Infinity,
        "converged": true
    }
}