{
    "niter": 7741,
    "logz": -185.85276230863832,
    "logzerr": 0.4325343715061611,
    "logz_bs": -185.8104614290415,
    "logz_single": -185.85276230863832,
    "logzerr_tail": 0.009928468736831064,
    "logzerr_bs": 0.43242040659845316,
    "ess": 2348.6512661896095,
    "H": 11.397872516274418,
    "Herr": 0.13241311946396772,
    "posterior": {
        "mean": [
            53.92863230268094,
            4.945567221354425,
            59.38687468206013,
            -0.4578418279753164,
            0.6047806108342958,
            26.600524663196772,
            49.45567221354458
        ],
        "stdev": [
            4.353346941554553,
            0.4233830989799005,
            1.5530750737708756,
            0.42008268058651155,
            0.07664956885216202,
            2.4592372551337243,
            4.233830989799013
        ],
        "median": [
            53.846118103574156,
            4.936162298520383,
            59.40987285723119,
            -0.4612757482355274,
            0.6045858652419585,
            26.566229566194835,
            49.36162298520383
        ],
        "errlo": [
            49.528542122610666,
            4.521360597130597,
            57.79217723189789,
            -0.8783511981487919,
            0.5282494793043884,
            24.174108706073117,
            45.21360597130597
        ],
        "errup": [
            58.190957667670816,
            5.360083079706452,
            60.92661703050509,
            -0.03702650048989575,
            0.6818016626035445,
            29.030972192441006,
            53.60083079706452
        ],
        "information_gain_bits": [
            1.2121206284197377,
            2.5582768000599843,
            3.051093888162468,
            2.688462992826666,
            1.6531955846738788,
            -5.17811102415311,
            -5.181452387597291
        ]
    },
    "maximum_likelihood": {
        "logl": -171.90862757591458,
        "point": [
            54.50082853409766,
            4.866230239202296,
            59.34466861892719,
            -0.46060495957341985,
            0.6113984683394555,
            26.521357987420537,
            48.66230239202296
        ],
        "point_untransformed": [
            0.5450082853409766,
            0.20348580206327874,
            0.5934466861892719,
            0.47696975202132896,
            0.8056992341697278,
            0.7143742103482974,
            0.01603052170192676
        ]
    },
    "ncall": 44701,
    "paramnames": [
        "A",
        "w",
        "B",
        "x0",
        "k",
        "f",
        "sigma_v"
    ],
    "logzerr_single": 0.16880367676886082,
    "insertion_order_MWW_test": {
        "independent_iterations": Infinity,
        "converged": true
    }
}