{
    "niter": 12678,
    "logz": -30.92907570403099,
    "logzerr": 0.5442987296505151,
    "logz_bs": -30.865842327191867,
    "logz_single": -30.92907570403099,
    "logzerr_tail": 0.009933520610854174,
    "logzerr_bs": 0.5442080780982934,
    "ess": 2619.3141432076864,
    "H": 23.24833168243314,
    "Herr": 0.19776358918984904,
    "posterior": {
        "mean": [
            15.05599676982798,
            165.97798702448745,
            0.34820609221130516,
            0.803681256523927,
            0.18227086884545607,
            0.6074895667475387,
            16.38300769748814,
            16.259675356765307,
            16.427597991574906,
            16.286630678564073
        ],
        "stdev": [
            0.05722487302381199,
            45.9837088731023,
            0.655577855107477,
            0.5237853089322564,
            0.3795546102858807,
            0.4067430976104413,
            0.11618518212081774,
            0.1449604883061541,
            0.12638356677557025,
            0.14063728218813532
        ],
        "median": [
            15.059055660517581,
            197.44725032983126,
            -0.057853224286372296,
            1.101975132137735,
            -0.019045243148573476,
            0.8038687516985874,
            16.385507291940932,
            16.263489072599274,
            16.427993433416248,
            16.293180734114554
        ],
        "errlo": [
            14.995178179027583,
            100.38973646383756,
            -0.1606339239238288,
            0.06629036561350868,
            -0.1235932248099773,
            0.042217180385307036,
            16.269661902827096,
            16.112556708422225,
            16.296967183385902,
            16.144676902350874
        ],
        "errup": [
            15.111389344556894,
            199.1895331710204,
            1.288557928867375,
            1.2391052331557648,
            0.703467322875845,
            0.9633708364253764,
            16.49657463583376,
            16.40454574895843,
            16.553201032740144,
            16.424255595225446
        ],
        "information_gain_bits": [
            3.7769511894147305,
            3.2498859356571934,
            3.287533174032658,
            3.3248239780431446,
            3.28720888929353,
            3.375943009263323
        ]
    },
    "maximum_likelihood": {
        "logl": -4.5757808156986854,
        "point": [
            15.054595883496255,
            199.32744765716077,
            -0.11372208392633176,
            1.242226467431804,
            -0.061315528734503744,
            0.7958086130486279,
            16.427778831360094,
            16.21444196883213,
            16.4605045524419,
            16.24354380445485
        ],
        "point_untransformed": [
            0.5054595883496255,
            0.9955163177144051,
            0.4943138958036834,
            0.5621113233715902,
            0.4969342235632748,
            0.5397904306524314
        ]
    },
    "ncall": 325628,
    "paramnames": [
        "m0",
        "p",
        "a1",
        "a2",
        "b1",
        "b2",
        "m_100",
        "m_200",
        "m_300",
        "m_400"
    ],
    "logzerr_single": 0.24108261904600847,
    "insertion_order_MWW_test": {
        "independent_iterations": Infinity,
        "converged": true
    }
}