"B_mean","B_stdev","B_median","B_errlo","B_errup"
6.270100602053537386e+01,1.121276462598463031e+00,6.272975784434302682e+01,6.154015968550521620e+01,6.377243318022636487e+01
