{
    "niter": 4321,
    "logz": -384.82201813764107,
    "logzerr": 0.23032100723936574,
    "logz_bs": -384.82019965321285,
    "logz_single": -384.82201813764107,
    "logzerr_tail": 0.009927623529733864,
    "logzerr_bs": 0.23010695049651986,
    "ess": 1576.9370253817672,
    "H": 4.216617507376725,
    "Herr": 0.07810978195091797,
    "posterior": {
        "mean": [
            73.10429270185742,
            496.8338279039415
        ],
        "stdev": [
            1.0726454621762789,
            50.55309773083733
        ],
        "median": [
            73.09701561246038,
            493.81992832174564
        ],
        "errlo": [
            72.05652521941707,
            447.28113860484234
        ],
        "errup": [
            74.17320426771028,
            544.907754080991
        ],
        "information_gain_bits": [
            2.567229185144413,
            1.6338510368759491
        ]
    },
    "maximum_likelihood": {
        "logl": -379.6215118455198,
        "point": [
            73.11250789785029,
            479.6665123855538
        ],
        "point_untransformed": [
            0.4622501579570058,
            0.27119036598968127
        ]
    },
    "ncall": 5610,
    "paramnames": [
        "H0",
        "sigma"
    ],
    "logzerr_single": 0.10267202037771446,
    "insertion_order_MWW_test": {
        "independent_iterations": Infinity,
        "converged": true
    }
}