{
    "niter": 400,
    "logz": -1e+99,
    "logzerr": 0.0,
    "logz_bs": -9.999999999999996e+98,
    "logz_single": -1e+99,
    "logzerr_tail": 0.0,
    "logzerr_bs": 0.0,
    "ess": 400.0,
    "H": NaN,
    "Herr": NaN,
    "posterior": {
        "mean": [
            200.86175091084752,
            1.5966158451256924,
            1214.7378468734337,
            1215.0429407044276,
            1215.1043264177551,
            203.98963977656112,
            195.16961348145253,
            196.29147545818861,
            3.256763429631734,
            1214.9165050042582
        ],
        "stdev": [
            57.65371667174521,
            0.8447824550378428,
            2.860912151929005,
            2.790808403767735,
            3.017813789112123,
            112.93378264925592,
            113.82891019718296,
            115.17435531307477,
            1.5354292799468399,
            1.891081195876318
        ],
        "median": [
            204.08239346852272,
            1.6239157316453583,
            1214.6540904176668,
            1214.9943520875222,
            1215.0071533006608,
            205.8166078724957,
            196.07426399042862,
            191.05275734634904,
            2.9689912410756767,
            1214.8269274360337
        ],
        "errlo": [
            132.99061047760523,
            0.5928155547603565,
            1211.4444122295622,
            1211.9562394992518,
            1211.5002940844129,
            74.0559232367607,
            57.90833711769764,
            56.86515858798062,
            1.8542579853691954,
            1212.9079215333793
        ],
        "errup": [
            266.78130863543544,
            2.5816256788378564,
            1218.1995194006831,
            1218.3047011871129,
            1218.7484869446348,
            339.165910970324,
            319.16305863955773,
            332.9325989169945,
            4.763246618999057,
            1216.9518242253587
        ],
        "information_gain_bits": [
            -5.097465210938825,
            -5.153431779562185,
            -5.091122189638286,
            -5.114165964433733,
            -5.10141643697624,
            -5.140047396332657,
            -5.094885245231645,
            -5.081758904346585
        ]
    },
    "maximum_likelihood": {
        "logl": -1e+99,
        "point": [
            195.751117152475,
            0.36530086717935006,
            1219.4854866500316,
            1210.1700818564964,
            1219.1052889727375,
            291.41815006352937,
            28.031486395676986,
            33.60814638735299,
            1.8036054556539498,
            1218.7096862138353
        ],
        "point_untransformed": [
            0.478755585762375,
            0.09148305764805176,
            0.9485486650031587,
            0.017008185649649232,
            0.910528897273747,
            0.7285453751588234,
            0.07007871598919246,
            0.08402036596838247
        ]
    },
    "ncall": 400,
    "paramnames": [
        "C",
        "sigma",
        "mu1",
        "mu2",
        "mu3",
        "a1",
        "a2",
        "a3",
        "W",
        "lam0"
    ],
    "logzerr_single": NaN,
    "insertion_order_MWW_test": {
        "independent_iterations": Infinity,
        "converged": true
    }
}