{
    "niter": 14071,
    "logz": -85.90910791660443,
    "logzerr": 0.2710994034000221,
    "logz_bs": -85.98996542891669,
    "logz_single": -85.90910791660443,
    "logzerr_tail": 0.009943911869328304,
    "logzerr_bs": 0.2709169709349766,
    "ess": 3359.6683885099105,
    "H": 25.279757513378165,
    "Herr": 0.15534884820031702,
    "posterior": {
        "mean": [
            14.826436681361788,
            1.7222426809888236,
            -6.589121061826116,
            9.140067023021219,
            -9.434431535574827,
            8.926037862187064,
            -6.685143750411677,
            3.5645352285374505,
            2.407979205050199,
            -7.046070014543678,
            15.615755235800782,
            15.646604619654621,
            15.949401012132741,
            9.65198136092736
        ],
        "stdev": [
            1.0720973088955459,
            1.631198484938214,
            1.2811108224284498,
            0.7321880260657134,
            0.5397527910617721,
            0.7682244750190776,
            0.9513721841212747,
            1.2920000657591713,
            1.5992374208402784,
            1.6003367434167848,
            0.1599214790223563,
            0.10844994939865778,
            0.12503803105357847,
            0.8045422504145652
        ],
        "median": [
            14.814616435949667,
            1.8538843270499754,
            -6.614346576113837,
            9.32381138233141,
            -9.595018825739068,
            9.063644838883445,
            -6.7061277436845526,
            3.5835879854264636,
            2.471727580868011,
            -7.114203005978127,
            15.616811584068909,
            15.646816437431918,
            15.950413796086476,
            9.622870196150291
        ],
        "errlo": [
            13.86721889063261,
            0.15180404893755403,
            -7.857127474106906,
            8.435492979713047,
            -9.89687519162229,
            8.13484418119393,
            -7.609937644638842,
            2.2058120849555207,
            0.7838767002906053,
            -8.76091776261207,
            15.453516110850757,
            15.537500749136193,
            15.823506926731941,
            8.820957442399594
        ],
        "errup": [
            15.804464352781103,
            3.301450800978749,
            -5.367868271719496,
            9.812545373963268,
            -8.95316964334108,
            9.707118446019653,
            -5.750010861523262,
            4.886150676042735,
            4.045037801299305,
            -5.313653717646144,
            15.773554888655148,
            15.753506554084247,
            16.07329794932682,
            10.456309558415825
        ],
        "information_gain_bits": [
            -2.8753131244692476,
            -0.9789047156334839,
            0.2359345377717277,
            2.0179679776905566,
            2.548286470259302,
            2.0730851864155904,
            0.9603445502633837,
            0.3600485366776574,
            -0.8423211543626404,
            0.08669376993169542
        ]
    },
    "maximum_likelihood": {
        "logl": -55.53437289905032,
        "point": [
            14.207428303455513,
            1.391328267096771,
            -6.16990420225965,
            9.780413270532463,
            -9.980461301748406,
            9.983663550691144,
            -7.046615733207736,
            4.266482992962315,
            2.2446151403395334,
            -6.427900099076432,
            15.654746152531828,
            15.719392667349414,
            15.934956043915049,
            9.643393061847682
        ],
        "point_untransformed": [
            0.4207428303455514,
            0.5695664133548386,
            0.19150478988701752,
            0.9890206635266232,
            0.0009769349125796768,
            0.9991831775345572,
            0.1476692133396132,
            0.7133241496481157,
            0.6122307570169767,
            0.17860499504617844
        ]
    },
    "ncall": 646717,
    "paramnames": [
        "m0",
        "c1",
        "c2",
        "c3",
        "c4",
        "c5",
        "c6",
        "c7",
        "c8",
        "c9",
        "m_100",
        "m_200",
        "m_300",
        "m_400"
    ],
    "logzerr_single": 0.25139489609664994,
    "insertion_order_MWW_test": {
        "independent_iterations": Infinity,
        "converged": true
    }
}