{
    "niter": 7052,
    "logz": -178.41082407384263,
    "logzerr": 0.2562843597313679,
    "logz_bs": -178.37903079167447,
    "logz_single": -178.41082407384263,
    "logzerr_tail": 0.00994302054181162,
    "logzerr_bs": 0.256091408261625,
    "ess": 2143.1376627511263,
    "H": 10.081614173175211,
    "Herr": 0.1126422284851153,
    "posterior": {
        "mean": [
            53.173646105678024,
            5.054176699338935,
            49.578373782184656,
            -0.6779377928944669,
            26.8030818961802,
            50.54176699338966
        ],
        "stdev": [
            4.111125766425149,
            0.4142194601566022,
            1.41898111452278,
            0.3967743720691705,
            2.2897525091395745,
            4.142194601566018
        ],
        "median": [
            53.095034840042665,
            5.032934246242325,
            49.57495071038645,
            -0.6741456717210168,
            26.789800190272576,
            50.329342462423256
        ],
        "errlo": [
            49.09567576598126,
            4.651557636470379,
            48.17651921965348,
            -1.0860041417418742,
            24.548252410366565,
            46.51557636470379
        ],
        "errup": [
            57.277800317165564,
            5.480334185412768,
            50.99395708452859,
            -0.27308562050406116,
            29.138020025410334,
            54.80334185412768
        ],
        "information_gain_bits": [
            1.4422871148334537,
            2.6323696714373312,
            3.152765457034252,
            2.7699136845515664,
            -5.1782295860373,
            -5.17839345416621
        ]
    },
    "maximum_likelihood": {
        "logl": -166.29647663859578,
        "point": [
            53.3230904924289,
            5.023995217844352,
            49.45173858604803,
            -0.7023533164145945,
            26.789495163464444,
            50.23995217844352
        ],
        "point_untransformed": [
            0.533230904924289,
            0.21178922199180797,
            0.49451738586048033,
            0.4648823341792703,
            0.4963091865501904,
            0.3198803070950518
        ]
    },
    "ncall": 31635,
    "paramnames": [
        "A",
        "w",
        "B",
        "x0",
        "f",
        "sigma_v"
    ],
    "logzerr_single": 0.15875778857409809,
    "insertion_order_MWW_test": {
        "independent_iterations": Infinity,
        "converged": true
    }
}