{
    "niter": 4936,
    "logz": -406.8166478420548,
    "logzerr": 0.15073834976889786,
    "logz_bs": -406.8005239808385,
    "logz_single": -406.8166478420548,
    "logzerr_tail": 0.009940205069028707,
    "logzerr_bs": 0.15041024703867834,
    "ess": 1999.233694321727,
    "H": 4.972949555612104,
    "Herr": 0.08728124684862598,
    "posterior": {
        "mean": [
            72.32876417802134,
            472.31897726978156,
            0.14349248314847257,
            34.561215049390796
        ],
        "stdev": [
            1.24588504805833,
            66.60363575277445,
            0.06103095157327709,
            8.032016536431229
        ],
        "median": [
            72.2966255319049,
            466.97199888926275,
            0.13608875898511022,
            34.18373368805689
        ],
        "errlo": [
            71.1222776453621,
            407.47307191180533,
            0.08248688488289094,
            25.796264912684606
        ],
        "errup": [
            73.5454735132168,
            534.8864452199148,
            0.20586629116388244,
            43.74085496679759
        ],
        "information_gain_bits": [
            2.359691237390831,
            0.7923523919384929,
            -3.4339747526478335,
            -2.5781448769526163
        ]
    },
    "maximum_likelihood": {
        "logl": -400.00141123144886,
        "point": [
            72.2900233070427,
            449.7817158418003,
            0.15629434104494394,
            30.542511415830738
        ],
        "point_untransformed": [
            0.4458004661408539,
            0.24984408274414308,
            0.7833699707293893,
            0.6108502283166147
        ]
    },
    "ncall": 10516,
    "paramnames": [
        "H0",
        "sigma",
        "epsilon",
        "tau"
    ],
    "logzerr_single": 0.11150055555480547,
    "insertion_order_MWW_test": {
        "independent_iterations": Infinity,
        "converged": true
    }
}